<?xml version="1.0" encoding="UTF-8"?>
<GenRun Id="synth_1" LaunchPart="xc7z020clg484-1" LaunchTime="1711688681">
  <File Type="PA-TCL" Name="design_1_wrapper.tcl"/>
  <File Type="RDS-PROPCONSTRS" Name="design_1_wrapper_drc_synth.rpt"/>
  <File Type="REPORTS-TCL" Name="design_1_wrapper_reports.tcl"/>
  <File Type="RDS-RDS" Name="design_1_wrapper.vds"/>
  <File Type="RDS-UTIL" Name="design_1_wrapper_utilization_synth.rpt"/>
  <File Type="RDS-UTIL-PB" Name="design_1_wrapper_utilization_synth.pb"/>
  <File Type="RDS-DCP" Name="design_1_wrapper.dcp"/>
  <File Type="VDS-TIMINGSUMMARY" Name="design_1_wrapper_timing_summary_synth.rpt"/>
  <File Type="VDS-TIMING-PB" Name="design_1_wrapper_timing_summary_synth.pb"/>
  <FileSet Name="sources" Type="DesignSrcs" RelSrcDir="$PSRCDIR/sources_1" RelGenDir="$PGENDIR/sources_1">
    <Filter Type="Srcs"/>
    <File Path="$PSRCDIR/sources_1/bd/design_1/design_1.bd">
      <FileInfo>
        <Attr Name="UsedIn" Val="synthesis"/>
        <Attr Name="UsedIn" Val="implementation"/>
        <Attr Name="UsedIn" Val="simulation"/>
      </FileInfo>
    </File>
    <File Path="$PGENDIR/sources_1/bd/design_1/hdl/design_1_wrapper.vhd">
      <FileInfo>
        <Attr Name="UsedIn" Val="synthesis"/>
        <Attr Name="UsedIn" Val="simulation"/>
      </FileInfo>
    </File>
    <File Path="$PSRCDIR/sources_1/imports/ip/zed_audio_ctrl/zed_audio_ctrl.srcs/sources_1/imports/i2s_audio/family_support.vhd">
      <FileInfo>
        <Attr Name="AutoDisabled" Val="1"/>
        <Attr Name="ImportPath" Val="$PPRDIR/../ip/zed_audio_ctrl/zed_audio_ctrl.srcs/sources_1/imports/i2s_audio/family_support.vhd"/>
        <Attr Name="ImportTime" Val="1370346586"/>
        <Attr Name="UsedIn" Val="synthesis"/>
        <Attr Name="UsedIn" Val="simulation"/>
      </FileInfo>
    </File>
    <File Path="$PSRCDIR/sources_1/imports/ip/zed_audio_ctrl/zed_audio_ctrl.srcs/sources_1/imports/i2s_audio/common_types.vhd">
      <FileInfo>
        <Attr Name="AutoDisabled" Val="1"/>
        <Attr Name="ImportPath" Val="$PPRDIR/../ip/zed_audio_ctrl/zed_audio_ctrl.srcs/sources_1/imports/i2s_audio/common_types.vhd"/>
        <Attr Name="ImportTime" Val="1374690238"/>
        <Attr Name="UsedIn" Val="synthesis"/>
        <Attr Name="UsedIn" Val="simulation"/>
      </FileInfo>
    </File>
    <File Path="$PSRCDIR/sources_1/imports/ip/zed_audio_ctrl/zed_audio_ctrl.srcs/sources_1/imports/i2s_audio/pselect_f.vhd">
      <FileInfo>
        <Attr Name="AutoDisabled" Val="1"/>
        <Attr Name="ImportPath" Val="$PPRDIR/../ip/zed_audio_ctrl/zed_audio_ctrl.srcs/sources_1/imports/i2s_audio/pselect_f.vhd"/>
        <Attr Name="ImportTime" Val="1374690266"/>
        <Attr Name="UsedIn" Val="synthesis"/>
        <Attr Name="UsedIn" Val="simulation"/>
      </FileInfo>
    </File>
    <File Path="$PSRCDIR/sources_1/imports/ip/zed_audio_ctrl/zed_audio_ctrl.srcs/sources_1/imports/i2s_audio/address_decoder.vhd">
      <FileInfo>
        <Attr Name="AutoDisabled" Val="1"/>
        <Attr Name="ImportPath" Val="$PPRDIR/../ip/zed_audio_ctrl/zed_audio_ctrl.srcs/sources_1/imports/i2s_audio/address_decoder.vhd"/>
        <Attr Name="ImportTime" Val="1374690306"/>
        <Attr Name="UsedIn" Val="synthesis"/>
        <Attr Name="UsedIn" Val="simulation"/>
      </FileInfo>
    </File>
    <File Path="$PSRCDIR/sources_1/imports/ip/zed_audio_ctrl/zed_audio_ctrl.srcs/sources_1/imports/i2s_audio/slave_attachment.vhd">
      <FileInfo>
        <Attr Name="AutoDisabled" Val="1"/>
        <Attr Name="ImportPath" Val="$PPRDIR/../ip/zed_audio_ctrl/zed_audio_ctrl.srcs/sources_1/imports/i2s_audio/slave_attachment.vhd"/>
        <Attr Name="ImportTime" Val="1374689796"/>
        <Attr Name="UsedIn" Val="synthesis"/>
        <Attr Name="UsedIn" Val="simulation"/>
      </FileInfo>
    </File>
    <File Path="$PSRCDIR/sources_1/imports/ip/zed_audio_ctrl/zed_audio_ctrl.srcs/sources_1/imports/i2s_audio/axi_lite_ipif.vhd">
      <FileInfo>
        <Attr Name="AutoDisabled" Val="1"/>
        <Attr Name="ImportPath" Val="$PPRDIR/../ip/zed_audio_ctrl/zed_audio_ctrl.srcs/sources_1/imports/i2s_audio/axi_lite_ipif.vhd"/>
        <Attr Name="ImportTime" Val="1374689692"/>
        <Attr Name="UsedIn" Val="synthesis"/>
        <Attr Name="UsedIn" Val="simulation"/>
      </FileInfo>
    </File>
    <File Path="$PSRCDIR/sources_1/imports/ip/zed_audio_ctrl/zed_audio_ctrl.srcs/sources_1/imports/i2s_audio/user_logic.vhd">
      <FileInfo>
        <Attr Name="AutoDisabled" Val="1"/>
        <Attr Name="ImportPath" Val="$PPRDIR/../ip/zed_audio_ctrl/zed_audio_ctrl.srcs/sources_1/imports/i2s_audio/user_logic.vhd"/>
        <Attr Name="ImportTime" Val="1374688466"/>
        <Attr Name="UsedIn" Val="synthesis"/>
        <Attr Name="UsedIn" Val="simulation"/>
      </FileInfo>
    </File>
    <File Path="$PSRCDIR/sources_1/imports/ip/zed_audio_ctrl/zed_audio_ctrl.srcs/sources_1/imports/i2s_audio/iis_deser.vhd">
      <FileInfo>
        <Attr Name="AutoDisabled" Val="1"/>
        <Attr Name="ImportPath" Val="$PPRDIR/../ip/zed_audio_ctrl/zed_audio_ctrl.srcs/sources_1/imports/i2s_audio/iis_deser.vhd"/>
        <Attr Name="ImportTime" Val="1325917570"/>
        <Attr Name="UsedIn" Val="synthesis"/>
        <Attr Name="UsedIn" Val="simulation"/>
      </FileInfo>
    </File>
    <File Path="$PSRCDIR/sources_1/imports/ip/zed_audio_ctrl/zed_audio_ctrl.srcs/sources_1/imports/i2s_audio/iis_ser.vhd">
      <FileInfo>
        <Attr Name="AutoDisabled" Val="1"/>
        <Attr Name="ImportPath" Val="$PPRDIR/../ip/zed_audio_ctrl/zed_audio_ctrl.srcs/sources_1/imports/i2s_audio/iis_ser.vhd"/>
        <Attr Name="ImportTime" Val="1344329422"/>
        <Attr Name="UsedIn" Val="synthesis"/>
        <Attr Name="UsedIn" Val="simulation"/>
      </FileInfo>
    </File>
    <File Path="$PSRCDIR/sources_1/imports/ip/zed_audio_ctrl/zed_audio_ctrl.srcs/sources_1/imports/i2s_audio/i2s_ctrl.vhd">
      <FileInfo>
        <Attr Name="AutoDisabled" Val="1"/>
        <Attr Name="ImportPath" Val="$PPRDIR/../ip/zed_audio_ctrl/zed_audio_ctrl.srcs/sources_1/imports/i2s_audio/i2s_ctrl.vhd"/>
        <Attr Name="ImportTime" Val="1374690330"/>
        <Attr Name="UsedIn" Val="synthesis"/>
        <Attr Name="UsedIn" Val="simulation"/>
      </FileInfo>
    </File>
    <File Path="$PSRCDIR/sources_1/imports/ip/random_number_generator_mar2_1.0/example_designs/bfm_design/random_number_generator_mar2_v1_0_tb.sv">
      <FileInfo>
        <Attr Name="AutoDisabled" Val="1"/>
        <Attr Name="ImportPath" Val="$PPRDIR/../ip/random_number_generator_mar2_1.0/example_designs/bfm_design/random_number_generator_mar2_v1_0_tb.sv"/>
        <Attr Name="ImportTime" Val="1709433044"/>
        <Attr Name="UsedIn" Val="synthesis"/>
        <Attr Name="UsedIn" Val="implementation"/>
        <Attr Name="UsedIn" Val="simulation"/>
      </FileInfo>
    </File>
    <File Path="$PSRCDIR/sources_1/imports/ip/random_number_generator_mar2_1.0/src/random_num_generator.vhd">
      <FileInfo>
        <Attr Name="AutoDisabled" Val="1"/>
        <Attr Name="ImportPath" Val="$PPRDIR/../ip/random_number_generator_mar2_1.0/src/random_num_generator.vhd"/>
        <Attr Name="ImportTime" Val="1709591746"/>
        <Attr Name="UsedIn" Val="synthesis"/>
        <Attr Name="UsedIn" Val="simulation"/>
      </FileInfo>
    </File>
    <File Path="$PSRCDIR/sources_1/imports/ip/random_number_generator_mar2_1.0/hdl/random_number_generator_mar2_v1_0.vhd">
      <FileInfo>
        <Attr Name="AutoDisabled" Val="1"/>
        <Attr Name="ImportPath" Val="$PPRDIR/../ip/random_number_generator_mar2_1.0/hdl/random_number_generator_mar2_v1_0.vhd"/>
        <Attr Name="ImportTime" Val="1709433630"/>
        <Attr Name="UsedIn" Val="synthesis"/>
        <Attr Name="UsedIn" Val="simulation"/>
      </FileInfo>
    </File>
    <File Path="$PSRCDIR/sources_1/imports/ip/random_number_generator_mar2_1.0/hdl/random_number_generator_mar2_v1_0_S00_AXI.vhd">
      <FileInfo>
        <Attr Name="AutoDisabled" Val="1"/>
        <Attr Name="ImportPath" Val="$PPRDIR/../ip/random_number_generator_mar2_1.0/hdl/random_number_generator_mar2_v1_0_S00_AXI.vhd"/>
        <Attr Name="ImportTime" Val="1709441484"/>
        <Attr Name="UsedIn" Val="synthesis"/>
        <Attr Name="UsedIn" Val="simulation"/>
      </FileInfo>
    </File>
    <File Path="$PSRCDIR/sources_1/imports/ip/random_number_generator_mar2_1.0/tb.vhd">
      <FileInfo>
        <Attr Name="AutoDisabled" Val="1"/>
        <Attr Name="ImportPath" Val="$PPRDIR/../ip/random_number_generator_mar2_1.0/tb.vhd"/>
        <Attr Name="ImportTime" Val="1709443720"/>
        <Attr Name="UsedIn" Val="synthesis"/>
        <Attr Name="UsedIn" Val="simulation"/>
      </FileInfo>
    </File>
    <File Path="$PSRCDIR/sources_1/imports/ip/random_number_generator_mar2_1.0/drivers/random_number_generator_mar2_v1_0/src/random_number_generator_mar2.h">
      <FileInfo>
        <Attr Name="AutoDisabled" Val="1"/>
        <Attr Name="ImportPath" Val="$PPRDIR/../ip/random_number_generator_mar2_1.0/drivers/random_number_generator_mar2_v1_0/src/random_number_generator_mar2.h"/>
        <Attr Name="ImportTime" Val="1709433044"/>
        <Attr Name="UsedIn" Val="synthesis"/>
        <Attr Name="UsedIn" Val="simulation"/>
      </FileInfo>
    </File>
    <Config>
      <Option Name="DesignMode" Val="RTL"/>
      <Option Name="TopModule" Val="design_1_wrapper"/>
    </Config>
  </FileSet>
  <FileSet Name="constrs_in" Type="Constrs" RelSrcDir="$PSRCDIR/constrs_1">
    <Filter Type="Constrs"/>
    <File Path="$PSRCDIR/constrs_1/imports/milestone1/zedboard_master.xdc">
      <FileInfo>
        <Attr Name="ImportPath" Val="$PPRDIR/../../milestone1/zedboard_master.xdc"/>
        <Attr Name="ImportTime" Val="1579118820"/>
        <Attr Name="UsedIn" Val="synthesis"/>
        <Attr Name="UsedIn" Val="implementation"/>
      </FileInfo>
    </File>
    <Config>
      <Option Name="TargetConstrsFile" Val="$PSRCDIR/constrs_1/imports/milestone1/zedboard_master.xdc"/>
      <Option Name="ConstrsType" Val="XDC"/>
    </Config>
  </FileSet>
  <FileSet Name="utils" Type="Utils" RelSrcDir="$PSRCDIR/utils_1">
    <Filter Type="Utils"/>
    <Config>
      <Option Name="TopAutoSet" Val="TRUE"/>
    </Config>
  </FileSet>
  <Strategy Version="1" Minor="2">
    <StratHandle Name="Vivado Synthesis Defaults" Flow="Vivado Synthesis 2020"/>
    <Step Id="synth_design"/>
  </Strategy>
  <BlockFileSet Type="BlockSrcs" Name="design_1_clk_wiz_0_0"/>
  <BlockFileSet Type="BlockSrcs" Name="design_1_axi_gpio_0_1"/>
  <BlockFileSet Type="BlockSrcs" Name="design_1_random_number_genera_0_0"/>
  <BlockFileSet Type="BlockSrcs" Name="design_1_rst_ps7_0_125M_0"/>
  <BlockFileSet Type="BlockSrcs" Name="design_1_vga_controller_0_0"/>
  <BlockFileSet Type="BlockSrcs" Name="design_1_zed_audio_ctrl_0_0"/>
  <BlockFileSet Type="BlockSrcs" Name="design_1_xbar_0"/>
  <BlockFileSet Type="BlockSrcs" Name="design_1_auto_pc_0"/>
  <BlockFileSet Type="BlockSrcs" Name="design_1_processing_system7_0_0"/>
</GenRun>
