<?xml version="1.0" encoding="UTF-8"?>
<!-- Product Version: Vivado v2017.1 (64-bit)                     -->
<!--                                                              -->
<!-- Copyright 1986-2017 Xilinx, Inc. All Rights Reserved.        -->

<hwsession version="1" minor="2">
  <device name="xc7z020_1" gui_info="dashboard1=hw_ila_1[xc7z020_1/hw_ila_1/Waveform=ILA_WAVE_1;xc7z020_1/hw_ila_1/Capture Setup=ILA_CAPTURE_1;xc7z020_1/hw_ila_1/Status=ILA_STATUS_1;xc7z020_1/hw_ila_1/Trigger Setup=ILA_TRIGGER_1;xc7z020_1/hw_ila_1/Settings=ILA_SETTINGS_1;],dashboard2=hw_ila_2[xc7z020_1/hw_ila_2/Capture Setup=ILA_CAPTURE_1;xc7z020_1/hw_ila_2/Settings=ILA_SETTINGS_1;xc7z020_1/hw_ila_2/Waveform=ILA_WAVE_1;xc7z020_1/hw_ila_2/Status=ILA_STATUS_1;xc7z020_1/hw_ila_2/Trigger Setup=ILA_TRIGGER_1;]"/>
  <ObjectList object_type="hw_ila" gui_info="">
    <Object name="hw_ila_1" gui_info="">
      <Properties Property="CONTROL.TRIGGER_CONDITION" value="AND"/>
      <Properties Property="CORE_REFRESH_RATE_MS" value="500"/>
    </Object>
    <Object name="hw_ila_2" gui_info="">
      <Properties Property="CONTROL.TRIGGER_CONDITION" value="AND"/>
      <Properties Property="CORE_REFRESH_RATE_MS" value="500"/>
    </Object>
  </ObjectList>
  <probeset name="hw project" active="false"/>
</hwsession>
