<?xml version="1.0" encoding="UTF-8"?>
<GenRun Id="impl_1" LaunchPart="xc7z020clg484-1" LaunchTime="1711688681">
  <File Type="BITSTR-BMM" Name="design_1_wrapper_bd.bmm"/>
  <File Type="OPT-METHODOLOGY-DRC" Name="design_1_wrapper_methodology_drc_opted.rpt"/>
  <File Type="INIT-TIMING" Name="design_1_wrapper_timing_summary_init.rpt"/>
  <File Type="ROUTE-PWR" Name="design_1_wrapper_power_routed.rpt"/>
  <File Type="PA-TCL" Name="design_1_wrapper.tcl"/>
  <File Type="OPT-TIMING" Name="design_1_wrapper_timing_summary_opted.rpt"/>
  <File Type="OPT-DCP" Name="design_1_wrapper_opt.dcp"/>
  <File Type="ROUTE-PWR-SUM" Name="design_1_wrapper_power_summary_routed.pb"/>
  <File Type="REPORTS-TCL" Name="design_1_wrapper_reports.tcl"/>
  <File Type="OPT-DRC" Name="design_1_wrapper_drc_opted.rpt"/>
  <File Type="OPT-HWDEF" Name="design_1_wrapper.hwdef"/>
  <File Type="PWROPT-DCP" Name="design_1_wrapper_pwropt.dcp"/>
  <File Type="PWROPT-DRC" Name="design_1_wrapper_drc_pwropted.rpt"/>
  <File Type="PWROPT-TIMING" Name="design_1_wrapper_timing_summary_pwropted.rpt"/>
  <File Type="PLACE-DCP" Name="design_1_wrapper_placed.dcp"/>
  <File Type="PLACE-IO" Name="design_1_wrapper_io_placed.rpt"/>
  <File Type="PLACE-CLK" Name="design_1_wrapper_clock_utilization_placed.rpt"/>
  <File Type="PLACE-UTIL" Name="design_1_wrapper_utilization_placed.rpt"/>
  <File Type="PLACE-UTIL-PB" Name="design_1_wrapper_utilization_placed.pb"/>
  <File Type="PLACE-CTRL" Name="design_1_wrapper_control_sets_placed.rpt"/>
  <File Type="PLACE-SIMILARITY" Name="design_1_wrapper_incremental_reuse_placed.rpt"/>
  <File Type="PLACE-PRE-SIMILARITY" Name="design_1_wrapper_incremental_reuse_pre_placed.rpt"/>
  <File Type="PLACE-TIMING" Name="design_1_wrapper_timing_summary_placed.rpt"/>
  <File Type="POSTPLACE-PWROPT-DCP" Name="design_1_wrapper_postplace_pwropt.dcp"/>
  <File Type="BG-BIN" Name="design_1_wrapper.bin"/>
  <File Type="POSTPLACE-PWROPT-TIMING" Name="design_1_wrapper_timing_summary_postplace_pwropted.rpt"/>
  <File Type="PHYSOPT-DCP" Name="design_1_wrapper_physopt.dcp"/>
  <File Type="PHYSOPT-DRC" Name="design_1_wrapper_drc_physopted.rpt"/>
  <File Type="BITSTR-MSK" Name="design_1_wrapper.msk"/>
  <File Type="PHYSOPT-TIMING" Name="design_1_wrapper_timing_summary_physopted.rpt"/>
  <File Type="ROUTE-ERROR-DCP" Name="design_1_wrapper_routed_error.dcp"/>
  <File Type="ROUTE-DCP" Name="design_1_wrapper_routed.dcp"/>
  <File Type="ROUTE-BLACKBOX-DCP" Name="design_1_wrapper_routed_bb.dcp"/>
  <File Type="ROUTE-DRC" Name="design_1_wrapper_drc_routed.rpt"/>
  <File Type="ROUTE-DRC-PB" Name="design_1_wrapper_drc_routed.pb"/>
  <File Type="ROUTE-DRC-RPX" Name="design_1_wrapper_drc_routed.rpx"/>
  <File Type="BITSTR-MMI" Name="design_1_wrapper.mmi"/>
  <File Type="ROUTE-METHODOLOGY-DRC" Name="design_1_wrapper_methodology_drc_routed.rpt"/>
  <File Type="ROUTE-METHODOLOGY-DRC-RPX" Name="design_1_wrapper_methodology_drc_routed.rpx"/>
  <File Type="ROUTE-METHODOLOGY-DRC-PB" Name="design_1_wrapper_methodology_drc_routed.pb"/>
  <File Type="ROUTE-PWR-RPX" Name="design_1_wrapper_power_routed.rpx"/>
  <File Type="ROUTE-STATUS" Name="design_1_wrapper_route_status.rpt"/>
  <File Type="ROUTE-STATUS-PB" Name="design_1_wrapper_route_status.pb"/>
  <File Type="ROUTE-TIMINGSUMMARY" Name="design_1_wrapper_timing_summary_routed.rpt"/>
  <File Type="ROUTE-TIMING-PB" Name="design_1_wrapper_timing_summary_routed.pb"/>
  <File Type="ROUTE-TIMING-RPX" Name="design_1_wrapper_timing_summary_routed.rpx"/>
  <File Type="ROUTE-SIMILARITY" Name="design_1_wrapper_incremental_reuse_routed.rpt"/>
  <File Type="ROUTE-CLK" Name="design_1_wrapper_clock_utilization_routed.rpt"/>
  <File Type="ROUTE-BUS-SKEW" Name="design_1_wrapper_bus_skew_routed.rpt"/>
  <File Type="ROUTE-BUS-SKEW-PB" Name="design_1_wrapper_bus_skew_routed.pb"/>
  <File Type="ROUTE-BUS-SKEW-RPX" Name="design_1_wrapper_bus_skew_routed.rpx"/>
  <File Type="POSTROUTE-PHYSOPT-DCP" Name="design_1_wrapper_postroute_physopt.dcp"/>
  <File Type="POSTROUTE-PHYSOPT-BLACKBOX-DCP" Name="design_1_wrapper_postroute_physopt_bb.dcp"/>
  <File Type="POSTROUTE-PHYSOPT-TIMING" Name="design_1_wrapper_timing_summary_postroute_physopted.rpt"/>
  <File Type="POSTROUTE-PHYSOPT-TIMING-PB" Name="design_1_wrapper_timing_summary_postroute_physopted.pb"/>
  <File Type="POSTROUTE-PHYSOPT-TIMING-RPX" Name="design_1_wrapper_timing_summary_postroute_physopted.rpx"/>
  <File Type="POSTROUTE-PHYSOPT-BUS-SKEW" Name="design_1_wrapper_bus_skew_postroute_physopted.rpt"/>
  <File Type="POSTROUTE-PHYSOPT-BUS-SKEW-PB" Name="design_1_wrapper_bus_skew_postroute_physopted.pb"/>
  <File Type="BG-BIT" Name="design_1_wrapper.bit"/>
  <File Type="POSTROUTE-PHYSOPT-BUS-SKEW-RPX" Name="design_1_wrapper_bus_skew_postroute_physopted.rpx"/>
  <File Type="BITSTR-RBT" Name="design_1_wrapper.rbt"/>
  <File Type="BITSTR-NKY" Name="design_1_wrapper.nky"/>
  <File Type="PDI-FILE" Name="design_1_wrapper.pdi"/>
  <File Type="RCFI_FILE" Name="design_1_wrapper.rcfi"/>
  <File Type="CFI_FILE" Name="design_1_wrapper.cfi"/>
  <File Type="RNPI_FILE" Name="design_1_wrapper.rnpi"/>
  <File Type="NPI_FILE" Name="design_1_wrapper.npi"/>
  <File Type="RBD_FILE" Name="design_1_wrapper.rbd"/>
  <File Type="BITSTR-LTX" Name="debug_nets.ltx"/>
  <File Type="BITSTR-LTX" Name="design_1_wrapper.ltx"/>
  <File Type="BITSTR-SYSDEF" Name="design_1_wrapper.sysdef"/>
  <File Type="BG-BGN" Name="design_1_wrapper.bgn"/>
  <File Type="BG-DRC" Name="design_1_wrapper.drc"/>
  <File Type="RDI-RDI" Name="design_1_wrapper.vdi"/>
  <File Type="WBT-USG" Name="usage_statistics_webtalk.html"/>
  <FileSet Name="sources" Type="DesignSrcs" RelSrcDir="$PSRCDIR/sources_1" RelGenDir="$PGENDIR/sources_1">
    <Filter Type="Srcs"/>
    <File Path="$PSRCDIR/sources_1/bd/design_1/design_1.bd">
      <FileInfo>
        <Attr Name="UsedIn" Val="synthesis"/>
        <Attr Name="UsedIn" Val="implementation"/>
        <Attr Name="UsedIn" Val="simulation"/>
      </FileInfo>
    </File>
    <File Path="$PGENDIR/sources_1/bd/design_1/hdl/design_1_wrapper.vhd">
      <FileInfo>
        <Attr Name="UsedIn" Val="synthesis"/>
        <Attr Name="UsedIn" Val="simulation"/>
      </FileInfo>
    </File>
    <File Path="$PSRCDIR/sources_1/imports/ip/zed_audio_ctrl/zed_audio_ctrl.srcs/sources_1/imports/i2s_audio/family_support.vhd">
      <FileInfo>
        <Attr Name="AutoDisabled" Val="1"/>
        <Attr Name="ImportPath" Val="$PPRDIR/../ip/zed_audio_ctrl/zed_audio_ctrl.srcs/sources_1/imports/i2s_audio/family_support.vhd"/>
        <Attr Name="ImportTime" Val="1370346586"/>
        <Attr Name="UsedIn" Val="synthesis"/>
        <Attr Name="UsedIn" Val="simulation"/>
      </FileInfo>
    </File>
    <File Path="$PSRCDIR/sources_1/imports/ip/zed_audio_ctrl/zed_audio_ctrl.srcs/sources_1/imports/i2s_audio/common_types.vhd">
      <FileInfo>
        <Attr Name="AutoDisabled" Val="1"/>
        <Attr Name="ImportPath" Val="$PPRDIR/../ip/zed_audio_ctrl/zed_audio_ctrl.srcs/sources_1/imports/i2s_audio/common_types.vhd"/>
        <Attr Name="ImportTime" Val="1374690238"/>
        <Attr Name="UsedIn" Val="synthesis"/>
        <Attr Name="UsedIn" Val="simulation"/>
      </FileInfo>
    </File>
    <File Path="$PSRCDIR/sources_1/imports/ip/zed_audio_ctrl/zed_audio_ctrl.srcs/sources_1/imports/i2s_audio/pselect_f.vhd">
      <FileInfo>
        <Attr Name="AutoDisabled" Val="1"/>
        <Attr Name="ImportPath" Val="$PPRDIR/../ip/zed_audio_ctrl/zed_audio_ctrl.srcs/sources_1/imports/i2s_audio/pselect_f.vhd"/>
        <Attr Name="ImportTime" Val="1374690266"/>
        <Attr Name="UsedIn" Val="synthesis"/>
        <Attr Name="UsedIn" Val="simulation"/>
      </FileInfo>
    </File>
    <File Path="$PSRCDIR/sources_1/imports/ip/zed_audio_ctrl/zed_audio_ctrl.srcs/sources_1/imports/i2s_audio/address_decoder.vhd">
      <FileInfo>
        <Attr Name="AutoDisabled" Val="1"/>
        <Attr Name="ImportPath" Val="$PPRDIR/../ip/zed_audio_ctrl/zed_audio_ctrl.srcs/sources_1/imports/i2s_audio/address_decoder.vhd"/>
        <Attr Name="ImportTime" Val="1374690306"/>
        <Attr Name="UsedIn" Val="synthesis"/>
        <Attr Name="UsedIn" Val="simulation"/>
      </FileInfo>
    </File>
    <File Path="$PSRCDIR/sources_1/imports/ip/zed_audio_ctrl/zed_audio_ctrl.srcs/sources_1/imports/i2s_audio/slave_attachment.vhd">
      <FileInfo>
        <Attr Name="AutoDisabled" Val="1"/>
        <Attr Name="ImportPath" Val="$PPRDIR/../ip/zed_audio_ctrl/zed_audio_ctrl.srcs/sources_1/imports/i2s_audio/slave_attachment.vhd"/>
        <Attr Name="ImportTime" Val="1374689796"/>
        <Attr Name="UsedIn" Val="synthesis"/>
        <Attr Name="UsedIn" Val="simulation"/>
      </FileInfo>
    </File>
    <File Path="$PSRCDIR/sources_1/imports/ip/zed_audio_ctrl/zed_audio_ctrl.srcs/sources_1/imports/i2s_audio/axi_lite_ipif.vhd">
      <FileInfo>
        <Attr Name="AutoDisabled" Val="1"/>
        <Attr Name="ImportPath" Val="$PPRDIR/../ip/zed_audio_ctrl/zed_audio_ctrl.srcs/sources_1/imports/i2s_audio/axi_lite_ipif.vhd"/>
        <Attr Name="ImportTime" Val="1374689692"/>
        <Attr Name="UsedIn" Val="synthesis"/>
        <Attr Name="UsedIn" Val="simulation"/>
      </FileInfo>
    </File>
    <File Path="$PSRCDIR/sources_1/imports/ip/zed_audio_ctrl/zed_audio_ctrl.srcs/sources_1/imports/i2s_audio/user_logic.vhd">
      <FileInfo>
        <Attr Name="AutoDisabled" Val="1"/>
        <Attr Name="ImportPath" Val="$PPRDIR/../ip/zed_audio_ctrl/zed_audio_ctrl.srcs/sources_1/imports/i2s_audio/user_logic.vhd"/>
        <Attr Name="ImportTime" Val="1374688466"/>
        <Attr Name="UsedIn" Val="synthesis"/>
        <Attr Name="UsedIn" Val="simulation"/>
      </FileInfo>
    </File>
    <File Path="$PSRCDIR/sources_1/imports/ip/zed_audio_ctrl/zed_audio_ctrl.srcs/sources_1/imports/i2s_audio/iis_deser.vhd">
      <FileInfo>
        <Attr Name="AutoDisabled" Val="1"/>
        <Attr Name="ImportPath" Val="$PPRDIR/../ip/zed_audio_ctrl/zed_audio_ctrl.srcs/sources_1/imports/i2s_audio/iis_deser.vhd"/>
        <Attr Name="ImportTime" Val="1325917570"/>
        <Attr Name="UsedIn" Val="synthesis"/>
        <Attr Name="UsedIn" Val="simulation"/>
      </FileInfo>
    </File>
    <File Path="$PSRCDIR/sources_1/imports/ip/zed_audio_ctrl/zed_audio_ctrl.srcs/sources_1/imports/i2s_audio/iis_ser.vhd">
      <FileInfo>
        <Attr Name="AutoDisabled" Val="1"/>
        <Attr Name="ImportPath" Val="$PPRDIR/../ip/zed_audio_ctrl/zed_audio_ctrl.srcs/sources_1/imports/i2s_audio/iis_ser.vhd"/>
        <Attr Name="ImportTime" Val="1344329422"/>
        <Attr Name="UsedIn" Val="synthesis"/>
        <Attr Name="UsedIn" Val="simulation"/>
      </FileInfo>
    </File>
    <File Path="$PSRCDIR/sources_1/imports/ip/zed_audio_ctrl/zed_audio_ctrl.srcs/sources_1/imports/i2s_audio/i2s_ctrl.vhd">
      <FileInfo>
        <Attr Name="AutoDisabled" Val="1"/>
        <Attr Name="ImportPath" Val="$PPRDIR/../ip/zed_audio_ctrl/zed_audio_ctrl.srcs/sources_1/imports/i2s_audio/i2s_ctrl.vhd"/>
        <Attr Name="ImportTime" Val="1374690330"/>
        <Attr Name="UsedIn" Val="synthesis"/>
        <Attr Name="UsedIn" Val="simulation"/>
      </FileInfo>
    </File>
    <File Path="$PSRCDIR/sources_1/imports/ip/random_number_generator_mar2_1.0/example_designs/bfm_design/random_number_generator_mar2_v1_0_tb.sv">
      <FileInfo>
        <Attr Name="AutoDisabled" Val="1"/>
        <Attr Name="ImportPath" Val="$PPRDIR/../ip/random_number_generator_mar2_1.0/example_designs/bfm_design/random_number_generator_mar2_v1_0_tb.sv"/>
        <Attr Name="ImportTime" Val="1709433044"/>
        <Attr Name="UsedIn" Val="synthesis"/>
        <Attr Name="UsedIn" Val="implementation"/>
        <Attr Name="UsedIn" Val="simulation"/>
      </FileInfo>
    </File>
    <File Path="$PSRCDIR/sources_1/imports/ip/random_number_generator_mar2_1.0/src/random_num_generator.vhd">
      <FileInfo>
        <Attr Name="AutoDisabled" Val="1"/>
        <Attr Name="ImportPath" Val="$PPRDIR/../ip/random_number_generator_mar2_1.0/src/random_num_generator.vhd"/>
        <Attr Name="ImportTime" Val="1709591746"/>
        <Attr Name="UsedIn" Val="synthesis"/>
        <Attr Name="UsedIn" Val="simulation"/>
      </FileInfo>
    </File>
    <File Path="$PSRCDIR/sources_1/imports/ip/random_number_generator_mar2_1.0/hdl/random_number_generator_mar2_v1_0.vhd">
      <FileInfo>
        <Attr Name="AutoDisabled" Val="1"/>
        <Attr Name="ImportPath" Val="$PPRDIR/../ip/random_number_generator_mar2_1.0/hdl/random_number_generator_mar2_v1_0.vhd"/>
        <Attr Name="ImportTime" Val="1709433630"/>
        <Attr Name="UsedIn" Val="synthesis"/>
        <Attr Name="UsedIn" Val="simulation"/>
      </FileInfo>
    </File>
    <File Path="$PSRCDIR/sources_1/imports/ip/random_number_generator_mar2_1.0/hdl/random_number_generator_mar2_v1_0_S00_AXI.vhd">
      <FileInfo>
        <Attr Name="AutoDisabled" Val="1"/>
        <Attr Name="ImportPath" Val="$PPRDIR/../ip/random_number_generator_mar2_1.0/hdl/random_number_generator_mar2_v1_0_S00_AXI.vhd"/>
        <Attr Name="ImportTime" Val="1709441484"/>
        <Attr Name="UsedIn" Val="synthesis"/>
        <Attr Name="UsedIn" Val="simulation"/>
      </FileInfo>
    </File>
    <File Path="$PSRCDIR/sources_1/imports/ip/random_number_generator_mar2_1.0/tb.vhd">
      <FileInfo>
        <Attr Name="AutoDisabled" Val="1"/>
        <Attr Name="ImportPath" Val="$PPRDIR/../ip/random_number_generator_mar2_1.0/tb.vhd"/>
        <Attr Name="ImportTime" Val="1709443720"/>
        <Attr Name="UsedIn" Val="synthesis"/>
        <Attr Name="UsedIn" Val="simulation"/>
      </FileInfo>
    </File>
    <File Path="$PSRCDIR/sources_1/imports/ip/random_number_generator_mar2_1.0/drivers/random_number_generator_mar2_v1_0/src/random_number_generator_mar2.h">
      <FileInfo>
        <Attr Name="AutoDisabled" Val="1"/>
        <Attr Name="ImportPath" Val="$PPRDIR/../ip/random_number_generator_mar2_1.0/drivers/random_number_generator_mar2_v1_0/src/random_number_generator_mar2.h"/>
        <Attr Name="ImportTime" Val="1709433044"/>
        <Attr Name="UsedIn" Val="synthesis"/>
        <Attr Name="UsedIn" Val="simulation"/>
      </FileInfo>
    </File>
    <Config>
      <Option Name="DesignMode" Val="RTL"/>
      <Option Name="TopModule" Val="design_1_wrapper"/>
    </Config>
  </FileSet>
  <FileSet Name="constrs_in" Type="Constrs" RelSrcDir="$PSRCDIR/constrs_1">
    <Filter Type="Constrs"/>
    <File Path="$PSRCDIR/constrs_1/imports/milestone1/zedboard_master.xdc">
      <FileInfo>
        <Attr Name="ImportPath" Val="$PPRDIR/../../milestone1/zedboard_master.xdc"/>
        <Attr Name="ImportTime" Val="1579118820"/>
        <Attr Name="UsedIn" Val="synthesis"/>
        <Attr Name="UsedIn" Val="implementation"/>
      </FileInfo>
    </File>
    <Config>
      <Option Name="TargetConstrsFile" Val="$PSRCDIR/constrs_1/imports/milestone1/zedboard_master.xdc"/>
      <Option Name="ConstrsType" Val="XDC"/>
    </Config>
  </FileSet>
  <FileSet Name="utils" Type="Utils" RelSrcDir="$PSRCDIR/utils_1">
    <Filter Type="Utils"/>
    <Config>
      <Option Name="TopAutoSet" Val="TRUE"/>
    </Config>
  </FileSet>
  <Strategy Version="1" Minor="2">
    <StratHandle Name="Vivado Implementation Defaults" Flow="Vivado Implementation 2020"/>
    <Step Id="init_design"/>
    <Step Id="opt_design"/>
    <Step Id="power_opt_design"/>
    <Step Id="place_design"/>
    <Step Id="post_place_power_opt_design"/>
    <Step Id="phys_opt_design"/>
    <Step Id="route_design"/>
    <Step Id="post_route_phys_opt_design"/>
    <Step Id="write_bitstream"/>
  </Strategy>
  <BlockFileSet Type="BlockSrcs" Name="design_1_clk_wiz_0_0"/>
  <BlockFileSet Type="BlockSrcs" Name="design_1_axi_gpio_0_1"/>
  <BlockFileSet Type="BlockSrcs" Name="design_1_random_number_genera_0_0"/>
  <BlockFileSet Type="BlockSrcs" Name="design_1_rst_ps7_0_125M_0"/>
  <BlockFileSet Type="BlockSrcs" Name="design_1_vga_controller_0_0"/>
  <BlockFileSet Type="BlockSrcs" Name="design_1_zed_audio_ctrl_0_0"/>
  <BlockFileSet Type="BlockSrcs" Name="design_1_xbar_0"/>
  <BlockFileSet Type="BlockSrcs" Name="design_1_auto_pc_0"/>
  <BlockFileSet Type="BlockSrcs" Name="design_1_processing_system7_0_0"/>
</GenRun>
