<?xml version="1.0"?>
<Runs Version="1" Minor="0">
	<Run Id="design_1_axi_gpio_0_1_synth_1" LaunchDir="D:/452_projects/milestone4/last_hardware_update/last_hardware_update.runs/design_1_axi_gpio_0_1_synth_1" FlowId="Vivado_Synthesis" FromStepId="vivado" ToStepId="vivado"/>
	<Run Id="design_1_rst_ps7_0_125M_0_synth_1" LaunchDir="D:/452_projects/milestone4/last_hardware_update/last_hardware_update.runs/design_1_rst_ps7_0_125M_0_synth_1" FlowId="Vivado_Synthesis" FromStepId="vivado" ToStepId="vivado"/>
	<Run Id="design_1_clk_wiz_0_0_synth_1" LaunchDir="D:/452_projects/milestone4/last_hardware_update/last_hardware_update.runs/design_1_clk_wiz_0_0_synth_1" FlowId="Vivado_Synthesis" FromStepId="vivado" ToStepId="vivado"/>
	<Run Id="design_1_vga_controller_0_0_synth_1" LaunchDir="D:/452_projects/milestone4/last_hardware_update/last_hardware_update.runs/design_1_vga_controller_0_0_synth_1" FlowId="Vivado_Synthesis" FromStepId="vivado" ToStepId="vivado"/>
	<Run Id="design_1_xbar_0_synth_1" LaunchDir="D:/452_projects/milestone4/last_hardware_update/last_hardware_update.runs/design_1_xbar_0_synth_1" FlowId="Vivado_Synthesis" FromStepId="vivado" ToStepId="vivado"/>
	<Run Id="design_1_random_number_genera_0_0_synth_1" LaunchDir="D:/452_projects/milestone4/last_hardware_update/last_hardware_update.runs/design_1_random_number_genera_0_0_synth_1" FlowId="Vivado_Synthesis" FromStepId="vivado" ToStepId="vivado"/>
	<Run Id="design_1_zed_audio_ctrl_0_0_synth_1" LaunchDir="D:/452_projects/milestone4/last_hardware_update/last_hardware_update.runs/design_1_zed_audio_ctrl_0_0_synth_1" FlowId="Vivado_Synthesis" FromStepId="vivado" ToStepId="vivado"/>
	<Run Id="design_1_processing_system7_0_0_synth_1" LaunchDir="D:/452_projects/milestone4/last_hardware_update/last_hardware_update.runs/design_1_processing_system7_0_0_synth_1" FlowId="Vivado_Synthesis" FromStepId="vivado" ToStepId="vivado"/>
	<Run Id="design_1_auto_pc_0_synth_1" LaunchDir="D:/452_projects/milestone4/last_hardware_update/last_hardware_update.runs/design_1_auto_pc_0_synth_1" FlowId="Vivado_Synthesis" FromStepId="vivado" ToStepId="vivado"/>
	<Run Id="synth_1" LaunchDir="D:/452_projects/milestone4/last_hardware_update/last_hardware_update.runs/synth_1" FlowId="Vivado_Synthesis" FromStepId="vivado" ToStepId="vivado">
		<Parent Id="design_1_axi_gpio_0_1_synth_1"/>
		<Parent Id="design_1_rst_ps7_0_125M_0_synth_1"/>
		<Parent Id="design_1_clk_wiz_0_0_synth_1"/>
		<Parent Id="design_1_vga_controller_0_0_synth_1"/>
		<Parent Id="design_1_xbar_0_synth_1"/>
		<Parent Id="design_1_random_number_genera_0_0_synth_1"/>
		<Parent Id="design_1_zed_audio_ctrl_0_0_synth_1"/>
		<Parent Id="design_1_processing_system7_0_0_synth_1"/>
		<Parent Id="design_1_auto_pc_0_synth_1"/>
	</Run>
	<Run Id="impl_1" LaunchDir="D:/452_projects/milestone4/last_hardware_update/last_hardware_update.runs/impl_1" FlowId="Vivado_Implementation" FromStepId="init_design" ToStepId="write_bitstream">
		<Parent Id="synth_1"/>
		<Parent Id="design_1_axi_gpio_0_1_synth_1"/>
		<Parent Id="design_1_rst_ps7_0_125M_0_synth_1"/>
		<Parent Id="design_1_clk_wiz_0_0_synth_1"/>
		<Parent Id="design_1_vga_controller_0_0_synth_1"/>
		<Parent Id="design_1_xbar_0_synth_1"/>
		<Parent Id="design_1_random_number_genera_0_0_synth_1"/>
		<Parent Id="design_1_zed_audio_ctrl_0_0_synth_1"/>
		<Parent Id="design_1_processing_system7_0_0_synth_1"/>
		<Parent Id="design_1_auto_pc_0_synth_1"/>
	</Run>
	<Parameters>
		<Parameter Name="runs.monitorLSFJobs" Val="true" Type="bool"/>
		<Parameter Name="runs.enableClusterConf" Val="true" Type="bool"/>
	</Parameters>
</Runs>

